timestamp_s,flexion,abduction,ext_rot,elbow
1933143.4212,0.00,1.41,2.84,13.73
1933143.4495,0.00,1.40,2.84,13.73
1933143.4812,0.00,1.40,2.84,13.73
1933143.5203,0.00,1.40,2.84,13.73
1933143.5458,0.00,1.40,2.84,13.73
1933143.5776,0.00,1.40,2.84,13.73
1933143.6100,0.00,1.40,2.84,13.73
1933143.6418,0.00,1.40,2.84,13.74
1933143.6738,0.00,1.40,2.84,13.74
1933143.7059,0.00,1.40,2.84,13.74
1933143.7378,0.00,1.41,2.84,13.74
1933143.7698,0.00,1.41,2.84,13.74
1933143.8018,0.00,1.42,2.85,13.74
1933143.8334,0.00,1.42,2.85,13.74
1933143.8657,0.00,1.42,2.85,13.74
1933143.8979,0.00,1.43,2.85,13.74
1933143.9298,0.00,1.43,2.85,13.74
1933143.9509,0.00,1.43,2.85,13.73
1933143.9937,0.00,1.44,2.85,13.72
1933144.0136,0.00,1.45,2.86,13.72
1933144.0510,0.00,1.45,2.86,13.71
1933144.0843,0.00,1.46,2.86,13.70
1933144.1109,0.00,1.47,2.86,13.69
1933144.1415,0.00,1.48,2.87,13.69
1933144.1834,0.00,1.48,2.86,13.69
1933144.2159,0.00,1.49,2.86,13.68
1933144.2475,0.00,1.49,2.86,13.68
1933144.2800,0.00,1.50,2.86,13.68
1933144.3120,0.00,1.50,2.86,13.68
1933144.3437,1.51,0.00,2.85,13.68
1933144.3757,1.51,0.00,2.85,13.68
1933144.4078,1.51,0.00,2.85,13.68
1933144.4330,1.51,0.00,2.85,13.68
1933144.4646,1.51,0.00,2.84,13.68
1933144.4961,1.51,0.00,2.84,13.68
1933144.5278,1.51,0.00,2.84,13.68
1933144.5599,1.51,0.00,2.84,13.68
1933144.5919,1.51,0.00,2.84,13.68
1933144.6241,1.51,0.00,2.84,13.69
1933144.6740,1.51,0.00,2.84,13.69
1933144.6970,1.59,0.00,2.79,13.69
1933144.7198,1.65,0.00,2.75,13.68
1933144.7477,1.70,0.00,2.72,13.68
1933144.7818,1.74,0.00,2.70,13.68
1933144.8247,1.55,0.00,2.34,13.73
1933144.8569,0.00,1.56,1.97,13.66
1933144.8887,0.00,1.57,1.65,13.61
1933144.9207,0.00,1.58,1.37,13.57
1933144.9523,0.00,1.37,1.02,13.63
1933144.9843,0.00,1.62,0.39,13.52
1933145.0174,0.00,1.84,-0.14,13.43
1933145.0475,0.00,1.81,-0.71,13.37
1933145.0796,0.00,2.17,-1.20,13.57
1933145.1116,0.00,2.51,-1.85,13.35
1933145.1434,0.00,2.84,-2.42,13.19
1933145.1765,0.00,3.20,-2.97,13.08
1933145.2075,0.00,3.64,-3.59,12.91
1933145.2340,0.00,4.00,-4.12,12.79
1933145.2667,0.00,4.31,-4.58,12.71
1933145.2988,0.00,4.52,-4.94,12.64
1933145.3307,0.00,4.74,-5.27,12.60
1933145.3624,0.00,4.91,-5.55,12.57
1933145.3947,0.00,5.06,-5.79,12.56
1933145.4263,0.00,5.23,-5.99,12.55
1933145.4585,0.00,5.34,-6.19,12.57
1933145.4904,0.00,5.42,-6.36,12.59
1933145.5224,0.00,5.50,-6.51,12.62
1933145.5538,0.00,5.54,-6.64,12.65
1933145.5860,0.00,5.59,-6.68,12.69
1933145.6193,0.00,5.64,-6.72,12.73
1933145.6519,0.00,5.55,-6.72,12.77
1933145.6837,0.00,5.51,-6.61,12.84
1933145.7160,0.00,5.47,-6.51,12.90
1933145.7477,0.00,5.44,-6.43,12.96
1933145.7801,0.00,5.39,-6.36,13.02
1933145.8124,0.00,5.35,-6.31,13.02
1933145.8442,0.00,5.33,-6.26,13.03
1933145.8761,0.00,5.25,-6.15,13.11
1933145.9084,0.00,5.19,-6.06,13.14
1933145.9409,0.00,5.14,-5.99,13.16
1933145.9731,0.00,5.11,-5.93,13.18
1933146.0051,0.00,5.08,-5.87,13.20
1933146.0372,0.00,5.05,-5.80,13.17
1933146.0692,0.00,4.94,-5.63,13.26
1933146.1011,0.00,4.84,-5.48,13.32
1933146.1333,0.00,4.80,-5.34,13.38
1933146.1651,0.00,4.76,-5.22,13.37
1933146.1971,0.00,4.74,-5.12,13.37
1933146.2292,0.00,4.60,-4.96,13.46
1933146.2609,0.00,4.51,-4.84,13.54
1933146.2771,0.00,4.43,-4.73,13.58
1933146.3095,0.00,4.37,-4.64,13.62
1933146.3409,0.00,4.29,-4.55,13.67
1933146.3730,0.00,4.22,-4.47,13.71
1933146.4056,0.00,4.16,-4.39,13.74
1933146.4379,0.00,4.11,-4.33,13.76
1933146.4698,0.00,4.05,-4.27,13.80
1933146.5013,0.00,4.00,-4.22,13.82
1933146.5332,0.00,3.97,-4.17,13.83
1933146.5659,0.00,3.94,-4.14,13.83
1933146.5992,0.00,3.89,-4.10,13.85
1933146.6305,0.00,3.87,-4.06,13.85
1933146.6625,0.00,3.85,-4.02,13.85
1933146.6947,0.00,3.84,-4.00,13.84
1933146.7273,0.00,3.81,-3.96,13.84
1933146.7594,0.00,3.79,-3.93,13.84
1933146.7918,0.00,3.77,-3.91,13.84
1933146.8240,0.00,3.76,-3.89,13.84
1933146.8564,0.00,3.75,-3.87,13.83
1933146.8882,0.00,3.75,-3.87,13.82
1933146.9206,0.00,3.75,-3.87,13.81
1933146.9538,0.00,3.75,-3.87,13.80
1933146.9847,0.00,3.75,-3.86,13.78
1933147.0171,0.00,3.75,-3.84,13.77
1933147.0493,0.00,3.75,-3.83,13.75
1933147.0815,0.00,3.75,-3.82,13.74
1933147.1141,0.00,3.77,-3.79,13.71
1933147.1464,0.00,3.72,-3.73,13.72
1933147.1790,0.00,3.68,-3.68,13.73
1933147.2115,0.00,3.68,-3.64,13.74
1933147.2431,0.00,3.61,-3.55,13.77
1933147.2755,0.00,3.55,-3.48,13.79
1933147.3079,0.00,3.50,-3.43,13.81
1933147.3398,0.00,3.52,-3.32,13.82
1933147.3727,0.00,3.36,-3.16,13.88
1933147.4048,0.00,3.22,-3.03,13.93
1933147.4371,0.00,3.11,-2.92,13.97
1933147.4693,0.00,3.12,-2.77,13.99
1933147.5017,0.00,2.89,-2.52,14.19
1933147.5339,0.00,2.69,-2.31,14.24
1933147.5655,0.00,2.52,-2.14,14.28
1933147.5978,0.00,2.37,-1.99,14.30
1933147.6301,0.00,2.25,-1.79,14.38
1933147.6622,0.00,2.15,-1.62,14.38
1933147.6943,0.00,2.07,-1.48,14.36
1933147.7261,0.00,1.97,-1.34,14.37
1933147.7587,0.00,1.91,-1.21,14.37
1933147.7908,0.00,1.86,-1.10,14.33
1933147.8235,0.00,1.81,-1.00,14.29
1933147.8389,0.00,1.77,-0.92,14.26
1933147.8712,0.00,1.78,-0.79,14.22
1933147.9030,0.00,1.75,-0.65,14.20
1933147.9353,0.00,1.72,-0.54,14.18
1933147.9671,0.00,1.70,-0.45,14.15
1933147.9991,0.00,1.72,-0.26,14.13
1933148.0306,1.71,0.00,-0.10,14.11
1933148.0632,1.70,0.00,0.04,14.09
1933148.0955,1.69,0.00,0.15,14.08
1933148.1274,1.68,0.00,0.44,14.06
1933148.1595,1.67,0.00,0.68,14.04
1933148.1912,1.66,0.00,0.89,14.03
1933148.2238,1.65,0.00,1.06,14.02
1933148.2558,1.64,0.00,1.22,14.00
1933148.2900,1.63,0.00,1.35,13.99
1933148.3199,1.63,0.00,1.46,13.97
1933148.3520,1.61,0.00,1.56,13.96
1933148.3836,1.61,0.00,1.65,13.94
1933148.4161,1.60,0.00,1.72,13.92
1933148.4447,1.59,0.00,1.78,13.90
1933148.4794,1.58,0.00,1.84,13.88
1933148.5113,1.57,0.00,1.89,13.87
1933148.5432,0.00,1.57,1.94,13.85
1933148.5741,0.00,1.56,1.97,13.83
1933148.6057,0.00,1.56,2.01,13.82
1933148.6379,0.00,1.56,2.04,13.80
1933148.6697,0.00,1.55,2.06,13.79
1933148.7014,0.00,1.55,2.08,13.78
1933148.7301,0.00,1.55,2.10,13.77
1933148.7653,0.00,1.55,2.12,13.76
1933148.7977,0.00,1.55,2.13,13.75
1933148.8292,0.00,1.55,2.15,13.75
1933148.8610,0.00,1.55,2.16,13.74
1933148.8931,0.00,1.54,2.17,13.73
1933148.9251,0.00,1.54,2.18,13.73
1933148.9578,0.00,1.54,2.19,13.72
1933148.9892,0.00,1.54,2.20,13.72
1933149.0205,0.00,1.54,2.21,13.71
1933149.0518,0.00,1.54,2.22,13.71
1933149.0838,0.00,1.53,2.23,13.70
1933149.1159,0.00,1.53,2.23,13.70
1933149.1480,0.00,1.53,2.24,13.70
1933149.1798,0.00,1.53,2.24,13.70
1933149.2123,0.00,1.53,2.25,13.70
1933149.2448,0.00,1.53,2.25,13.69
1933149.2686,0.00,1.53,2.26,13.69
1933149.2929,0.00,1.53,2.26,13.69
1933149.3245,0.00,1.53,2.27,13.69
1933149.3566,0.00,1.53,2.27,13.69
1933149.3886,0.00,1.53,2.27,13.68
1933149.4197,0.00,1.53,2.28,13.68
1933149.4515,0.00,1.52,2.28,13.68
1933149.4836,0.00,1.52,2.28,13.68
1933149.5155,0.00,1.52,2.28,13.68
1933149.5476,0.00,1.52,2.29,13.68
1933149.5797,0.00,1.52,2.29,13.68
1933149.6113,0.00,1.52,2.29,13.68
1933149.6433,0.00,1.51,2.30,13.68
1933149.6755,0.00,1.51,2.30,13.68
1933149.7076,0.00,1.51,2.30,13.68
1933149.7362,0.00,1.51,2.30,13.69
1933149.7713,0.00,1.51,2.30,13.69
1933149.8032,0.00,1.51,2.30,13.69
1933149.8354,0.00,1.51,2.31,13.69
1933149.8686,0.00,1.51,2.31,13.69
1933149.8992,0.00,1.51,2.31,13.69
1933149.9318,0.00,1.51,2.31,13.69
1933149.9630,0.00,1.51,2.32,13.69
1933149.9950,0.00,1.51,2.32,13.69
1933150.0199,0.00,1.50,2.32,13.69
1933150.0468,0.00,1.50,2.32,13.69
1933150.0879,0.00,1.50,2.32,13.69
1933150.1184,0.00,1.50,2.32,13.69
1933150.1426,0.00,1.50,2.32,13.69
1933150.1694,0.00,1.50,2.33,13.70
1933150.2026,0.00,1.50,2.33,13.70
1933150.2303,0.00,1.50,2.33,13.70
1933150.2614,0.00,1.50,2.33,13.70
1933150.2949,0.00,1.50,2.34,13.70
1933150.3255,0.00,1.49,2.34,13.70
1933150.3549,0.00,1.49,2.34,13.71
1933150.3860,0.00,1.48,2.34,13.71
1933150.4184,0.00,1.48,2.34,13.71
1933150.4502,0.00,1.48,2.34,13.71
1933150.4823,0.00,1.48,2.34,13.71
1933150.5176,0.00,1.48,2.34,13.71
1933150.5546,0.00,1.47,2.34,13.71
1933150.5859,0.00,1.47,2.34,13.72
1933150.6172,0.00,1.47,2.34,13.72
1933150.6376,0.00,1.47,2.34,13.72
1933150.6793,0.00,1.47,2.34,13.72
1933150.7113,0.00,1.46,2.34,13.72
1933150.7413,0.00,1.46,2.34,13.72
1933150.7728,0.00,1.46,2.34,13.72
1933150.8035,0.00,1.46,2.34,13.72
1933150.8345,0.00,1.46,2.34,13.72
1933150.8658,0.00,1.46,2.34,13.72
1933150.8962,0.00,1.46,2.34,13.72
1933150.9271,0.00,1.46,2.34,13.72
1933150.9578,0.00,1.46,2.34,13.72
1933150.9889,0.00,1.45,2.34,13.72
1933151.0312,0.00,1.45,2.34,13.72
1933151.0513,0.00,1.45,2.34,13.73
1933151.0789,0.00,1.45,2.34,13.73
1933151.1115,0.00,1.45,2.34,13.73
1933151.1423,0.00,1.45,2.34,13.73
1933151.1741,0.00,1.45,2.34,13.73
1933151.2058,0.00,1.45,2.34,13.73
1933151.2375,0.00,1.45,2.34,13.73
1933151.2702,0.00,1.45,2.34,13.73
1933151.3015,0.00,1.45,2.34,13.73
1933151.3339,0.00,1.45,2.34,13.73
1933151.3659,0.00,1.45,2.34,13.73
1933151.3982,0.00,1.45,2.34,13.73
1933151.4305,0.00,1.44,2.34,13.73
1933151.4634,0.00,1.44,2.34,13.73
